card_name,card_price_EUR,sold_date,vendor_name,vendor_reviews,vendor_ratings,bids_numbers,bloc_name,set_name
pingoleon v 146 163,99.0,2024-02-02,collect*coin*more,575,100.0,0.0,Épée et Bouclier,Styles de Combat
pingoleon v 146 163,45.5,2024-01-27,chaschand88,94,98.8,14.0,Épée et Bouclier,Styles de Combat
pingoleon v 146 163,55.0,2024-01-20,gabrfr_2p7brija,432,100.0,0.0,Épée et Bouclier,Styles de Combat
pingoleon v 146 163,74.9,2024-01-16,flavjane,39,100.0,0.0,Épée et Bouclier,Styles de Combat
pingoleon v 146 163,60.0,2024-01-15,quentinm81,8,100.0,0.0,Épée et Bouclier,Styles de Combat
pingoleon v 146 163,156.0,2024-01-14,toinoo,50,100.0,43.0,Épée et Bouclier,Styles de Combat
pingoleon v 146 163,30.0,2024-01-14,wimar-68,15,100.0,0.0,Épée et Bouclier,Styles de Combat
pingoleon v 146 163,61.0,2024-01-07,thiixo,12,100.0,15.0,Épée et Bouclier,Styles de Combat
pingoleon v 146 163,20.0,2023-12-18,vendeurpokemon57,42,100.0,0.0,Épée et Bouclier,Styles de Combat
pingoleon v 146 163,35.5,2023-12-14,nathgro-78,1,50.0,2.0,Épée et Bouclier,Styles de Combat
pingoleon v 146 163,60.0,2023-11-25,dadej_14,122,100.0,0.0,Épée et Bouclier,Styles de Combat
pingoleon v 146 163,89.0,2023-11-12,collect*coin*more,575,100.0,0.0,Épée et Bouclier,Styles de Combat
pingoleon v 146 163,52.0,2023-11-10,timeo2014papou,12810,100.0,3.0,Épée et Bouclier,Styles de Combat
dracaufeu ex 199 165,259.9,2024-02-07,poke-kaiba,765,100.0,0.0,Écarlate et Violet,151
dracaufeu ex 199 165,110.0,2024-02-06,baptfeui_27,10,100.0,0.0,Écarlate et Violet,151
dracaufeu ex 199 165,235.9,2024-02-06,dougbertrand,22,100.0,0.0,Écarlate et Violet,151
dracaufeu ex 199 165,219.9,2024-02-06,yugiohgame88,9660,98.6,0.0,Écarlate et Violet,151
dracaufeu ex 199 165,200.0,2024-02-06,sebaguer-6,69,100.0,0.0,Écarlate et Violet,151
dracaufeu ex 199 165,175.0,2024-02-03,cymo1149,84,100.0,0.0,Écarlate et Violet,151
dracaufeu ex 199 165,175.0,2024-02-02,dylann2176,0,0.0,0.0,Écarlate et Violet,151
dracaufeu ex 199 165,174.0,2024-02-01,damie-berth,266,100.0,12.0,Écarlate et Violet,151
dracaufeu ex 199 165,160.0,2024-01-31,arnaud-6,18,100.0,14.0,Écarlate et Violet,151
dracaufeu ex 199 165,152.0,2024-01-31,dyminc-0,1,100.0,3.0,Écarlate et Violet,151
dracaufeu ex 199 165,170.0,2024-01-31,jufou-24,158,100.0,0.0,Écarlate et Violet,151
dracaufeu ex 199 165,350.0,2024-01-31,medekian,37,100.0,0.0,Écarlate et Violet,151
dracaufeu ex 199 165,249.9,2024-01-30,pokevivi7,17436,100.0,0.0,Écarlate et Violet,151
dracaufeu ex 199 165,150.0,2024-01-30,teloi_8,1,100.0,0.0,Écarlate et Violet,151
dracaufeu ex 199 165,170.0,2024-01-30,sebtcg_13,16,100.0,0.0,Écarlate et Violet,151
dracaufeu ex 199 165,159.99,2024-01-29,youyou_ym,3,100.0,0.0,Écarlate et Violet,151
dracaufeu ex 199 165,159.0,2024-01-29,la-boutique-de-terry,74,100.0,0.0,Écarlate et Violet,151
dracaufeu ex 199 165,153.0,2024-01-29,flob_8206,7,88.9,19.0,Écarlate et Violet,151
dracaufeu ex 199 165,165.0,2024-01-29,baptric_94,124,100.0,0.0,Écarlate et Violet,151
dracaufeu ex 199 165,151.0,2024-01-29,michoc0w,68,100.0,2.0,Écarlate et Violet,151
dracaufeu ex 199 165,141.0,2024-01-28,destockplus62,264,100.0,5.0,Écarlate et Violet,151
dracaufeu ex 199 165,150.0,2024-01-28,gautna-17,7,100.0,35.0,Écarlate et Violet,151
dracaufeu ex 199 165,149.0,2024-01-28,pokecard,80,100.0,9.0,Écarlate et Violet,151
dracaufeu ex 199 165,155.0,2024-01-28,joubzr,2,0.0,0.0,Écarlate et Violet,151
dracaufeu ex 199 165,146.0,2024-01-27,bogosse303-2,29,100.0,12.0,Écarlate et Violet,151
dracaufeu ex 199 165,130.0,2024-01-26,markilero,136,100.0,0.0,Écarlate et Violet,151
dracaufeu ex 199 165,161.0,2024-01-25,acteonblack,16,100.0,16.0,Écarlate et Violet,151
dracaufeu ex 199 165,160.0,2024-01-25,pikapika33,617,100.0,0.0,Écarlate et Violet,151
dracaufeu ex 199 165,168.0,2024-01-25,cdrilegal0,159,100.0,6.0,Écarlate et Violet,151
dracaufeu ex 199 165,220.0,2024-01-24,elda_18,159,100.0,0.0,Écarlate et Violet,151
dracaufeu ex 199 165,200.0,2024-01-24,stesanfi79,102,100.0,0.0,Écarlate et Violet,151
dracaufeu ex 199 165,171.0,2024-01-24,gablag_22,74,100.0,12.0,Écarlate et Violet,151
dracaufeu ex 199 165,180.0,2024-01-24,anthokemon,9,100.0,0.0,Écarlate et Violet,151
dracaufeu ex 199 165,181.0,2024-01-24,olivier4772,110,100.0,32.0,Écarlate et Violet,151
dracaufeu ex 199 165,165.0,2024-01-24,o.cast_6,343,98.3,0.0,Écarlate et Violet,151
dracaufeu ex 199 165,174.0,2024-01-22,pokecard,80,100.0,0.0,Écarlate et Violet,151
dracaufeu ex 199 165,140.0,2024-01-21,cymo1149,84,100.0,0.0,Écarlate et Violet,151
dracaufeu ex 199 165,183.0,2024-01-21,tcg.collectors,175,100.0,51.0,Écarlate et Violet,151
dracaufeu ex 199 165,179.9,2024-01-21,max56819,298,100.0,0.0,Écarlate et Violet,151
dracaufeu ex 199 165,179.0,2024-01-21,jordan-03,33,100.0,28.0,Écarlate et Violet,151
dracaufeu ex 199 165,183.0,2024-01-20,vabenee,145,100.0,41.0,Écarlate et Violet,151
dracaufeu ex 199 165,263.0,2024-01-20,sokhch44,39,96.8,13.0,Écarlate et Violet,151
dracaufeu ex 199 165,176.0,2024-01-19,arnaud-6,18,100.0,11.0,Écarlate et Violet,151
dracaufeu ex 199 165,155.0,2024-01-19,o.cast_6,343,98.3,0.0,Écarlate et Violet,151
dracaufeu ex 199 165,171.0,2024-01-19,pie-4707,91,95.5,23.0,Écarlate et Violet,151
dracaufeu ex 199 165,160.0,2024-01-19,flopru74,57,100.0,0.0,Écarlate et Violet,151
dracaufeu ex 199 165,145.0,2024-01-18,cymo1149,84,100.0,0.0,Écarlate et Violet,151
dracaufeu ex 199 165,260.0,2024-01-17,viklan-0,1,100.0,0.0,Écarlate et Violet,151
dracaufeu ex 199 165,150.0,2024-01-15,tcgironde,90,100.0,0.0,Écarlate et Violet,151
dracaufeu ex 199 165,145.0,2024-01-15,johu-775,10,100.0,0.0,Écarlate et Violet,151
dracaufeu ex 199 165,165.0,2024-01-15,sebtcg_13,16,100.0,0.0,Écarlate et Violet,151
dracaufeu ex 199 165,280.0,2024-01-15,koko785,161,100.0,0.0,Écarlate et Violet,151
dracaufeu ex 199 165,262.0,2024-01-14,tital-7918,39,97.6,35.0,Écarlate et Violet,151
dracaufeu ex 199 165,145.0,2024-01-14,bob-el-chapo,18,100.0,0.0,Écarlate et Violet,151
dracaufeu ex 199 165,171.0,2024-01-14,axponto_85,156,100.0,42.0,Écarlate et Violet,151
dracaufeu ex 199 165,165.0,2024-01-14,mache_121,322,99.7,11.0,Écarlate et Violet,151
dracaufeu ex 199 165,170.0,2024-01-14,caybayday-officiel.cbd.cannabidiol.cbn.cbg.cannabis.light.soins,9,100.0,0.0,Écarlate et Violet,151
dracaufeu ex 199 165,168.0,2024-01-13,sbm95280,63,100.0,30.0,Écarlate et Violet,151
dracaufeu ex 199 165,162.0,2024-01-13,damcava_87,722,100.0,46.0,Écarlate et Violet,151
dracaufeu ex 199 165,164.0,2024-01-13,damcava_87,722,100.0,50.0,Écarlate et Violet,151
dracaufeu ex 199 165,181.0,2024-01-13,rm_quill,108,100.0,36.0,Écarlate et Violet,151
dracaufeu ex 199 165,146.0,2024-01-13,angemorl_0,2,75.0,16.0,Écarlate et Violet,151
dracaufeu ex 199 165,157.0,2024-01-13,louvi-fr,1400,100.0,0.0,Écarlate et Violet,151
dracaufeu ex 199 165,499.9,2024-01-12,hydratcg,176,99.4,0.0,Écarlate et Violet,151
dracaufeu ex 199 165,150.0,2024-01-12,caybayday-officiel.cbd.cannabidiol.cbn.cbg.cannabis.light.soins,9,100.0,0.0,Écarlate et Violet,151
dracaufeu ex 199 165,155.0,2024-01-12,otaku-passion,81,100.0,18.0,Écarlate et Violet,151
dracaufeu ex 199 165,140.0,2024-01-11,alabonnevill-0,2,100.0,0.0,Écarlate et Violet,151
dracaufeu ex 199 165,170.0,2024-01-11,wn-cards,3676,99.7,0.0,Écarlate et Violet,151
dracaufeu ex 199 165,120.0,2024-01-11,rokiapainolai,5,100.0,0.0,Écarlate et Violet,151
dracaufeu ex 199 165,155.0,2024-01-10,nuxrate_cards,6,100.0,0.0,Écarlate et Violet,151
dracaufeu ex 199 165,145.0,2024-01-09,o.cast_6,343,98.3,0.0,Écarlate et Violet,151
dracaufeu ex 199 165,137.0,2024-01-09,nicbo_475421,20,94.4,16.0,Écarlate et Violet,151
dracaufeu ex 199 165,170.0,2024-01-07,pokevoli35,8,100.0,0.0,Écarlate et Violet,151
dracaufeu ex 199 165,356.0,2024-01-07,koko785,161,100.0,13.0,Écarlate et Violet,151
dracaufeu ex 199 165,173.0,2024-01-07,xyk0p4,118,100.0,9.0,Écarlate et Violet,151
dracaufeu ex 199 165,169.99,2024-01-05,catopoke,145,99.0,0.0,Écarlate et Violet,151
dracaufeu ex 199 165,249.9,2024-01-07,foockk,776,100.0,0.0,Écarlate et Violet,151
dracaufeu ex 199 165,169.5,2024-01-07,poke-roov71,770,100.0,0.0,Écarlate et Violet,151
dracaufeu ex 199 165,151.0,2024-01-06,liotav-71,27,100.0,26.0,Écarlate et Violet,151
dracaufeu ex 199 165,153.0,2024-01-06,ifa8042,15,100.0,13.0,Écarlate et Violet,151
dracaufeu ex 199 165,150.0,2024-01-06,axfeli0,62,100.0,0.0,Écarlate et Violet,151
dracaufeu ex 199 165,152.0,2024-01-05,estve_9177,5,100.0,27.0,Écarlate et Violet,151
dracaufeu ex 199 165,149.99,2024-01-05,retrogamezone,20798,99.9,0.0,Écarlate et Violet,151
dracaufeu ex 199 165,152.0,2024-01-05,estaz97,2,100.0,23.0,Écarlate et Violet,151
dracaufeu ex 199 165,145.0,2024-01-05,minidracau20,6,100.0,0.0,Écarlate et Violet,151
dracaufeu ex 199 165,144.0,2024-01-04,julbret57,10,100.0,18.0,Écarlate et Violet,151
dracaufeu ex 199 165,137.0,2024-01-04,aygou-13,851,99.6,5.0,Écarlate et Violet,151
dracaufeu ex 199 165,145.0,2024-01-04,valentimource0,73,98.6,0.0,Écarlate et Violet,151
dracaufeu ex 199 165,125.0,2024-01-04,degrag49,0,0.0,0.0,Écarlate et Violet,151
dracaufeu ex 199 165,160.0,2024-01-03,artyzoopoke,143,100.0,0.0,Écarlate et Violet,151
dracaufeu ex 199 165,251.0,2024-01-03,koko785,161,100.0,28.0,Écarlate et Violet,151
dracaufeu ex 199 165,135.0,2024-01-03,guildesm2,15,100.0,0.0,Écarlate et Violet,151
dracaufeu ex 199 165,149.9,2024-01-02,thodio5252,145,100.0,0.0,Écarlate et Violet,151
dracaufeu ex 199 165,134.0,2024-01-01,georgi2108,718,100.0,9.0,Écarlate et Violet,151
dracaufeu ex 199 165,149.0,2024-01-01,guilro-2524,65,100.0,0.0,Écarlate et Violet,151
dracaufeu ex 199 165,130.0,2023-12-31,dyminc-0,1,100.0,0.0,Écarlate et Violet,151
dracaufeu ex 199 165,150.0,2023-12-31,kevleblan21,27,100.0,0.0,Écarlate et Violet,151
dracaufeu ex 199 165,129.9,2023-12-30,thodio5252,145,100.0,0.0,Écarlate et Violet,151
dracaufeu ex 199 165,137.0,2023-12-30,julsi_7162,22,100.0,26.0,Écarlate et Violet,151
dracaufeu ex 199 165,149.0,2023-12-29,jafsc_0,0,0.0,0.0,Écarlate et Violet,151
dracaufeu ex 199 165,135.0,2023-12-29,pikapika33,617,100.0,0.0,Écarlate et Violet,151
dracaufeu ex 199 165,189.9,2023-12-29,yugiohgame88,9660,98.6,0.0,Écarlate et Violet,151
dracaufeu ex 199 165,131.99,2023-12-29,scar56800,3,100.0,5.0,Écarlate et Violet,151
dracaufeu ex 199 165,169.9,2023-12-29,guizmogood2011,164,92.9,0.0,Écarlate et Violet,151
dracaufeu ex 199 165,140.0,2023-12-29,pikajo-44,683,100.0,0.0,Écarlate et Violet,151
dracaufeu ex 199 165,157.0,2023-12-28,julbret57,10,100.0,20.0,Écarlate et Violet,151
dracaufeu ex 199 165,149.0,2023-12-28,pkshop34,56,100.0,0.0,Écarlate et Violet,151
dracaufeu ex 199 165,140.0,2023-12-28,alexhugo2,329,100.0,0.0,Écarlate et Violet,151
dracaufeu ex 199 165,128.0,2023-12-27,spartan19_01,67,100.0,0.0,Écarlate et Violet,151
dracaufeu ex 199 165,135.0,2023-12-24,julbou-5701,8,100.0,18.0,Écarlate et Violet,151
dracaufeu ex 199 165,136.0,2023-12-23,kevinnowacki,31,100.0,10.0,Écarlate et Violet,151
dracaufeu ex 199 165,124.59,2023-12-20,skaphox,937,100.0,11.0,Écarlate et Violet,151
dracaufeu ex 199 165,127.0,2023-12-20,bosco2175,44,100.0,24.0,Écarlate et Violet,151
dracaufeu ex 199 165,145.0,2023-12-20,albois64,14,100.0,0.0,Écarlate et Violet,151
dracaufeu ex 199 165,128.1,2023-12-20,flco-flo-ilkrlteta,91,100.0,17.0,Écarlate et Violet,151
dracaufeu ex 199 165,340.0,2024-01-19,patgi_37,869,100.0,0.0,Écarlate et Violet,151
tyranocif v 155 163,110.0,2024-02-04,timothee1818,341,100.0,0.0,Épée et Bouclier,Styles de Combat
tyranocif v 155 163,100.0,2024-02-03,brominiho,3,100.0,3.0,Épée et Bouclier,Styles de Combat
tyranocif v 155 163,110.0,2024-01-21,collectorcards-fr,4,100.0,34.0,Épée et Bouclier,Styles de Combat
tyranocif v 155 163,71.5,2024-01-13,ol_7904,479,100.0,9.0,Épée et Bouclier,Styles de Combat
tyranocif v 155 163,111.0,2024-01-12,beatrice07370,179,100.0,17.0,Épée et Bouclier,Styles de Combat
tyranocif v 155 163,49.99,2024-01-03,retrogamezone,20798,99.9,0.0,Épée et Bouclier,Styles de Combat
tyranocif v 155 163,111.0,2024-01-02,sanemi_tcg,139,100.0,26.0,Épée et Bouclier,Styles de Combat
tyranocif v 155 163,75.0,2024-01-01,timothee1818,341,100.0,0.0,Épée et Bouclier,Styles de Combat
tyranocif v 155 163,91.0,2023-12-28,pulmic,788,99.4,19.0,Épée et Bouclier,Styles de Combat
tyranocif v 155 163,135.0,2023-11-29,pokeliolio,76,100.0,0.0,Épée et Bouclier,Styles de Combat
zekrom tg05 tg30,5.0,2024-02-05,brocante-et-vous,4375,99.6,0.0,Épée et Bouclier,Stars Étincelantes
zekrom tg05 tg30,3.52,2024-02-03,jemalusylucas456,188,100.0,4.0,Épée et Bouclier,Stars Étincelantes
zekrom tg05 tg30,4.0,2024-02-01,pokesell94,88,100.0,5.0,Épée et Bouclier,Stars Étincelantes
zekrom tg05 tg30,4.0,2024-02-01,whbe6483,43,100.0,0.0,Épée et Bouclier,Stars Étincelantes
zekrom tg05 tg30,4.5,2024-01-28,psapokemonpca,183,100.0,0.0,Épée et Bouclier,Stars Étincelantes
zekrom tg05 tg30,6.9,2024-01-26,prof7467,1383,100.0,0.0,Épée et Bouclier,Stars Étincelantes
zekrom tg05 tg30,4.99,2024-01-19,antre-pokemon,202,100.0,0.0,Épée et Bouclier,Stars Étincelantes
zekrom tg05 tg30,4.0,2024-01-18,tgcard,186,100.0,0.0,Épée et Bouclier,Stars Étincelantes
zekrom tg05 tg30,4.5,2024-01-15,pokesell94,88,100.0,8.0,Épée et Bouclier,Stars Étincelantes
zekrom tg05 tg30,5.9,2024-01-10,danyzouzou,97,100.0,0.0,Épée et Bouclier,Stars Étincelantes
zekrom tg05 tg30,5.6,2024-01-07,un1c0rn_r1d3r21,311,99.5,0.0,Épée et Bouclier,Stars Étincelantes
zekrom tg05 tg30,2.0,2024-01-05,paulooo51,24,100.0,3.0,Épée et Bouclier,Stars Étincelantes
zekrom tg05 tg30,4.0,2024-01-01,pikamaniak19,38,100.0,0.0,Épée et Bouclier,Stars Étincelantes
zekrom tg05 tg30,4.0,2023-12-22,baptab-68,181,100.0,0.0,Épée et Bouclier,Stars Étincelantes
zekrom tg05 tg30,5.0,2023-12-21,tsunami_games,1985,100.0,0.0,Épée et Bouclier,Stars Étincelantes
zekrom tg05 tg30,5.9,2023-12-20,elladan95,680,100.0,0.0,Épée et Bouclier,Stars Étincelantes
zekrom tg05 tg30,3.5,2023-12-19,amnesia-poke42,42,97.7,2.0,Épée et Bouclier,Stars Étincelantes
zekrom tg05 tg30,3.0,2023-12-16,francsen_0,1634,100.0,5.0,Épée et Bouclier,Stars Étincelantes
zekrom tg05 tg30,4.5,2023-12-13,shoppokedisney54,86,98.9,6.0,Épée et Bouclier,Stars Étincelantes
zekrom tg05 tg30,4.0,2023-12-13,fauv98,338,99.5,0.0,Épée et Bouclier,Stars Étincelantes
zekrom tg05 tg30,4.0,2023-12-04,aygou-13,851,99.6,0.0,Épée et Bouclier,Stars Étincelantes
zekrom tg05 tg30,4.9,2023-11-30,items.collect,141,100.0,0.0,Épée et Bouclier,Stars Étincelantes
zekrom tg05 tg30,3.5,2023-11-28,fabgui6,120,100.0,0.0,Épée et Bouclier,Stars Étincelantes
zekrom tg05 tg30,22.5,2023-11-26,plazatcg,830,100.0,13.0,Épée et Bouclier,Stars Étincelantes
zekrom tg05 tg30,6.0,2023-11-26,fracar8084,328,100.0,0.0,Épée et Bouclier,Stars Étincelantes
zekrom tg05 tg30,6.0,2023-11-26,benpo58,44,100.0,0.0,Épée et Bouclier,Stars Étincelantes
zekrom tg05 tg30,2.5,2023-11-20,krall-12,36,100.0,3.0,Épée et Bouclier,Stars Étincelantes
zekrom tg05 tg30,12.0,2023-11-12,bulbi-shop,384,100.0,3.0,Épée et Bouclier,Stars Étincelantes
zekrom tg05 tg30,3.4,2023-11-11,frimoosse,260,100.0,0.0,Épée et Bouclier,Stars Étincelantes
zekrom tg05 tg30,4.3,2023-11-10,lesfrero2921,33,100.0,2.0,Épée et Bouclier,Stars Étincelantes
zekrom tg05 tg30,3.5,2023-11-09,emibr_77,111,100.0,0.0,Épée et Bouclier,Stars Étincelantes
gardevoir tg05 tg30,1.5,2024-01-28,bufflon-24,84,100.0,2.0,Épée et Bouclier,Astres Radieux
gardevoir tg05 tg30,4.5,2024-01-16,itchigo,220,100.0,4.0,Épée et Bouclier,Astres Radieux
gardevoir tg05 tg30,1.0,2023-11-28,nte0873_qznmprf,70,100.0,0.0,Épée et Bouclier,Astres Radieux
gardevoir tg05 tg30,3.0,2024-01-13,pokesell94,88,100.0,4.0,Épée et Bouclier,Astres Radieux
gardevoir tg05 tg30,2.51,2023-11-25,skaphox,937,100.0,6.0,Épée et Bouclier,Astres Radieux
gardevoir tg05 tg30,2.5,2023-11-15,pokemonenfolie,282,100.0,4.0,Épée et Bouclier,Astres Radieux
gardevoir tg05 tg30,4.0,2023-12-13,shoppokedisney54,86,98.9,5.0,Épée et Bouclier,Astres Radieux
gardevoir tg05 tg30,3.0,2024-01-10,dreamcollect,653,100.0,4.0,Épée et Bouclier,Astres Radieux
gardevoir tg05 tg30,3.0,2024-01-14,alexdeg-18,62,100.0,3.0,Épée et Bouclier,Astres Radieux
gardevoir tg05 tg30,2.3,2023-11-20,prinpl0,71,100.0,4.0,Épée et Bouclier,Astres Radieux
gardevoir tg05 tg30,1.0,2023-12-08,pikaseller63,471,100.0,0.0,Épée et Bouclier,Astres Radieux
gardevoir tg05 tg30,1.0,2023-12-06,ratapaye,21,100.0,0.0,Épée et Bouclier,Astres Radieux
gardevoir tg05 tg30,2.5,2023-12-26,mgd3316,40,100.0,0.0,Épée et Bouclier,Astres Radieux
gardevoir tg05 tg30,1.5,2024-01-12,shad0w*,212,100.0,2.0,Épée et Bouclier,Astres Radieux
gardevoir tg05 tg30,1.5,2023-11-17,prinpl0,71,100.0,2.0,Épée et Bouclier,Astres Radieux
gardevoir tg05 tg30,3.16,2023-11-26,mache_121,322,99.7,4.0,Épée et Bouclier,Astres Radieux
gardevoir tg05 tg30,3.0,2023-12-19,jenntar-5879,155,99.4,3.0,Épée et Bouclier,Astres Radieux
gardevoir tg05 tg30,2.5,2024-01-21,dambour-0,46,97.9,4.0,Épée et Bouclier,Astres Radieux
gardevoir tg05 tg30,1.0,2023-11-12,martygame,74,100.0,0.0,Épée et Bouclier,Astres Radieux
gardevoir tg05 tg30,4.5,2024-01-05,shad0w*,212,100.0,6.0,Épée et Bouclier,Astres Radieux
gardevoir tg05 tg30,5.5,2023-11-15,skaphox,937,100.0,8.0,Épée et Bouclier,Astres Radieux
gardevoir tg05 tg30,2.0,2023-12-13,gr749279,31,100.0,0.0,Épée et Bouclier,Astres Radieux
gardevoir tg05 tg30,5.99,2023-12-24,poke-lance,57,98.3,0.0,Épée et Bouclier,Astres Radieux
gardevoir tg05 tg30,5.0,2024-02-04,buenodelmundo2011,72,85.7,0.0,Épée et Bouclier,Astres Radieux
gardevoir tg05 tg30,1.0,2023-11-15,cvca02,12,100.0,0.0,Épée et Bouclier,Astres Radieux
gardevoir tg05 tg30,3.0,2023-12-01,miss_manga_fr,11,100.0,0.0,Épée et Bouclier,Astres Radieux
gardevoir tg05 tg30,4.0,2024-01-25,roldou-25,24,100.0,0.0,Épée et Bouclier,Astres Radieux
gardevoir tg05 tg30,6.0,2023-11-11,cortroc2,355,100.0,0.0,Épée et Bouclier,Astres Radieux
gardevoir tg05 tg30,34.5,2024-01-28,plazatcg,830,100.0,34.0,Épée et Bouclier,Astres Radieux
gardevoir tg05 tg30,16.5,2023-12-24,plazatcg,830,100.0,13.0,Épée et Bouclier,Astres Radieux
gardevoir tg05 tg30,25.5,2023-11-12,plazatcg,830,100.0,6.0,Épée et Bouclier,Astres Radieux
gardevoir tg05 tg30,15.5,2023-12-03,plazatcg,830,100.0,5.0,Épée et Bouclier,Astres Radieux
gardevoir tg05 tg30,6.9,2024-01-25,pokemon_japan_tcg,180,100.0,0.0,Épée et Bouclier,Astres Radieux
gardevoir tg05 tg30,3.9,2024-01-27,menbercharly1982,114,96.5,0.0,Épée et Bouclier,Astres Radieux
gardevoir tg05 tg30,5.9,2023-12-01,la-caverne-de-cydalise,438,99.3,0.0,Épée et Bouclier,Astres Radieux
gardevoir tg05 tg30,4.0,2023-12-19,adrry-73,1246,100.0,0.0,Épée et Bouclier,Astres Radieux
gardevoir tg05 tg30,3.6,2024-01-07,un1c0rn_r1d3r21,311,99.5,0.0,Épée et Bouclier,Astres Radieux
gardevoir tg05 tg30,4.99,2024-01-19,talabananz,1180,100.0,0.0,Épée et Bouclier,Astres Radieux
gardevoir tg05 tg30,7.85,2024-01-18,poke_matos,6686,100.0,0.0,Épée et Bouclier,Astres Radieux
gardevoir tg05 tg30,7.0,2024-01-07,fauv98,338,99.5,0.0,Épée et Bouclier,Astres Radieux
gardevoir tg05 tg30,5.45,2024-01-24,mystoooo1,81,100.0,0.0,Épée et Bouclier,Astres Radieux
gardevoir tg05 tg30,4.5,2023-11-12,latios-latias-store,131,97.2,0.0,Épée et Bouclier,Astres Radieux
gardevoir tg05 tg30,3.0,2023-11-12,sadr_9101,23,92.6,0.0,Épée et Bouclier,Astres Radieux
gardevoir tg05 tg30,7.9,2023-12-09,giolazzotcg,3590,100.0,0.0,Épée et Bouclier,Astres Radieux
zekrom tg05 tg30,8.0,2024-02-02,lullaby_di,296,100.0,0.0,Épée et Bouclier,Stars Étincelantes
zekrom tg05 tg30,5.99,2024-01-23,prof.lind,2580,100.0,0.0,Épée et Bouclier,Stars Étincelantes
zarbi v 177 195,40.0,2024-02-03,topasque0,260,100.0,0.0,Épée et Bouclier,Tempête Argentée
zarbi v 177 195,50.0,2024-02-01,quesch_68,7,100.0,0.0,Épée et Bouclier,Tempête Argentée
zarbi v 177 195,75.0,2024-01-28,rapber_34,48,100.0,0.0,Épée et Bouclier,Tempête Argentée
zarbi v 177 195,38.5,2024-01-26,stickers_and_cards,122,100.0,2.0,Épée et Bouclier,Tempête Argentée
zarbi v 177 195,100.0,2024-01-25,poketreg,155,99.0,0.0,Épée et Bouclier,Tempête Argentée
zarbi v 177 195,42.0,2024-01-25,quepe-57,59,100.0,2.0,Épée et Bouclier,Tempête Argentée
zarbi v 177 195,35.0,2024-01-24,jordan-03,33,100.0,8.0,Épée et Bouclier,Tempête Argentée
zarbi v 177 195,41.9,2024-01-23,fabach94,573,100.0,0.0,Épée et Bouclier,Tempête Argentée
zarbi v 177 195,39.5,2024-01-23,vinjauf_0,19,100.0,14.0,Épée et Bouclier,Tempête Argentée
zarbi v 177 195,40.0,2024-01-20,manithil,63,100.0,0.0,Épée et Bouclier,Tempête Argentée
zarbi v 177 195,40.0,2024-01-15,golde5690,8,100.0,0.0,Épée et Bouclier,Tempête Argentée
zarbi v 177 195,95.0,2024-01-07,tsmatos95,692,100.0,0.0,Épée et Bouclier,Tempête Argentée
zarbi v 177 195,48.0,2024-01-07,brocante-et-vous,4375,99.6,0.0,Épée et Bouclier,Tempête Argentée
zarbi v 177 195,48.0,2024-01-06,brocante-et-vous,4375,99.6,0.0,Épée et Bouclier,Tempête Argentée
zarbi v 177 195,35.0,2024-01-06,adrdela6185,3,100.0,10.0,Épée et Bouclier,Tempête Argentée
zarbi v 177 195,45.0,2024-01-06,laurent9607,691,100.0,0.0,Épée et Bouclier,Tempête Argentée
zarbi v 177 195,40.5,2023-12-31,manithil,63,100.0,2.0,Épée et Bouclier,Tempête Argentée
zarbi v 177 195,45.52,2023-12-21,manithil,63,100.0,4.0,Épée et Bouclier,Tempête Argentée
zarbi v 177 195,38.5,2023-12-20,nicko06,37,100.0,13.0,Épée et Bouclier,Tempête Argentée
zarbi v 177 195,56.0,2023-12-17,bigboris313,2465,99.3,18.0,Épée et Bouclier,Tempête Argentée
zarbi v 177 195,43.5,2023-12-13,skaphox,937,100.0,16.0,Épée et Bouclier,Tempête Argentée
zarbi v 177 195,41.4,2023-12-08,guildevo53,7,88.9,6.0,Épée et Bouclier,Tempête Argentée
zarbi v 177 195,53.0,2023-12-08,silban75,196,100.0,0.0,Épée et Bouclier,Tempête Argentée
zarbi v 177 195,80.0,2023-12-06,bigboris313,2465,99.3,35.0,Épée et Bouclier,Tempête Argentée
zarbi v 177 195,41.5,2023-12-02,vincecart2023,53,96.0,2.0,Épée et Bouclier,Tempête Argentée
zarbi v 177 195,40.0,2023-11-21,doudou_84,231,100.0,0.0,Épée et Bouclier,Tempête Argentée
zarbi v 177 195,68.0,2023-11-19,bigboris313,2465,99.3,26.0,Épée et Bouclier,Tempête Argentée
zarbi v 177 195,42.0,2023-11-14,skaphox,937,100.0,13.0,Épée et Bouclier,Tempête Argentée
zarbi v 177 195,38.5,2023-11-13,breizh-collect-35,1438,100.0,25.0,Épée et Bouclier,Tempête Argentée
zarbi v 177 195,109.0,2023-12-03,plazatcg,830,100.0,15.0,Épée et Bouclier,Tempête Argentée
lugia v 186 195,210.0,2024-02-06,baptfeui_27,10,100.0,0.0,Épée et Bouclier,Tempête Argentée
lugia v 186 195,550.0,2024-02-04,poke-kaiba,765,100.0,91.0,Épée et Bouclier,Tempête Argentée
lugia v 186 195,329.9,2024-02-03,sigthe,2730,100.0,0.0,Épée et Bouclier,Tempête Argentée
lugia v 186 195,302.0,2024-02-03,ben1ka,2,100.0,64.0,Épée et Bouclier,Tempête Argentée
lugia v 186 195,160.0,2024-02-03,m3linj,176,100.0,0.0,Épée et Bouclier,Tempête Argentée
lugia v 186 195,325.0,2024-01-30,pika_shop66,29,100.0,0.0,Épée et Bouclier,Tempête Argentée
lugia v 186 195,635.0,2024-01-28,poke-roov71,770,100.0,0.0,Épée et Bouclier,Tempête Argentée
lugia v 186 195,190.0,2024-01-25,mattser15,12,100.0,0.0,Épée et Bouclier,Tempête Argentée
lugia v 186 195,379.0,2024-01-09,sigthe,2730,100.0,0.0,Épée et Bouclier,Tempête Argentée
lugia v 186 195,271.0,2024-01-22,bi_28388675,0,0.0,5.0,Épée et Bouclier,Tempête Argentée
lugia v 186 195,207.0,2024-01-21,stpswertv_0,1,100.0,7.0,Épée et Bouclier,Tempête Argentée
lugia v 186 195,180.0,2024-01-16,micfazi-36,68,0.0,0.0,Épée et Bouclier,Tempête Argentée
lugia v 186 195,170.0,2024-01-16,bonjbon-0,0,0.0,5.0,Épée et Bouclier,Tempête Argentée
lugia v 186 195,280.99,2024-01-14,flobinch,207,100.0,60.0,Épée et Bouclier,Tempête Argentée
lugia v 186 195,395.0,2024-01-14,ricopok73,740,100.0,0.0,Épée et Bouclier,Tempête Argentée
lugia v 186 195,320.0,2024-01-05,kemer4423,127,100.0,0.0,Épée et Bouclier,Tempête Argentée
lugia v 186 195,395.0,2024-01-02,pokemon-74100,24,92.9,0.0,Épée et Bouclier,Tempête Argentée
lugia v 186 195,121.0,2024-01-01,patman_780,11,0.0,5.0,Épée et Bouclier,Tempête Argentée
lugia v 186 195,600.0,2023-12-30,kar1827-jiytor,401,100.0,0.0,Épée et Bouclier,Tempête Argentée
lugia v 186 195,200.0,2023-12-28,laurent9607,691,100.0,0.0,Épée et Bouclier,Tempête Argentée
lugia v 186 195,250.0,2023-12-16,sebl1543,7,100.0,0.0,Épée et Bouclier,Tempête Argentée
lugia v 186 195,231.0,2023-12-12,sachtaie0,85,100.0,2.0,Épée et Bouclier,Tempête Argentée
lugia v 186 195,252.0,2023-12-10,amisdespokemons,565,99.5,23.0,Épée et Bouclier,Tempête Argentée
lugia v 186 195,171.0,2023-12-10,premium-tcg-market,427,100.0,25.0,Épée et Bouclier,Tempête Argentée
lugia v 186 195,180.0,2023-12-06,secretgame26,7970,100.0,0.0,Épée et Bouclier,Tempête Argentée
lugia v 186 195,151.0,2023-12-05,vinil02,307,100.0,56.0,Épée et Bouclier,Tempête Argentée
lugia v 186 195,236.0,2023-12-04,bi_28388675,0,0.0,3.0,Épée et Bouclier,Tempête Argentée
lugia v 186 195,230.0,2023-12-04,ctr_2916,42,100.0,0.0,Épée et Bouclier,Tempête Argentée
lugia v 186 195,250.0,2023-11-28,gabrfr_2p7brija,432,100.0,0.0,Épée et Bouclier,Tempête Argentée
lugia v 186 195,170.0,2023-11-27,magic-games,217,100.0,0.0,Épée et Bouclier,Tempête Argentée
lugia v 186 195,335.0,2023-11-27,seller-poke-01,78,100.0,0.0,Épée et Bouclier,Tempête Argentée
lugia v 186 195,210.0,2023-11-24,fabibagnar_0,412,100.0,0.0,Épée et Bouclier,Tempête Argentée
lugia v 186 195,245.0,2023-11-24,thoschn9649,114,100.0,0.0,Épée et Bouclier,Tempête Argentée
lugia v 186 195,220.0,2023-11-19,mllion-0,113,97.6,0.0,Épée et Bouclier,Tempête Argentée
lugia v 186 195,360.0,2023-11-15,didierc_25,5,71.4,0.0,Épée et Bouclier,Tempête Argentée
lugia v 186 195,750.0,2023-11-14,pokemon-japanese,504,100.0,0.0,Épée et Bouclier,Tempête Argentée
lugia v 186 195,605.0,2023-11-10,boribeaudoui_0,79,100.0,6.0,Épée et Bouclier,Tempête Argentée
lugia v 186 195,350.0,2023-11-09,shinymew03,113,97.9,0.0,Épée et Bouclier,Tempête Argentée
lugia v 186 195,150.0,2023-11-09,stepquin26,1,100.0,0.0,Épée et Bouclier,Tempête Argentée
majaspic v tg13 tg30,24.85,2024-02-01,poke_matos,6686,100.0,0.0,Épée et Bouclier,Tempête Argentée
majaspic v tg13 tg30,21.0,2024-01-27,brocante-et-vous,4375,99.6,0.0,Épée et Bouclier,Tempête Argentée
majaspic v tg13 tg30,26.0,2024-01-21,plazatcg,830,100.0,19.0,Épée et Bouclier,Tempête Argentée
majaspic v tg13 tg30,19.7,2024-01-21,pikamaniak19,38,100.0,0.0,Épée et Bouclier,Tempête Argentée
majaspic v tg13 tg30,13.0,2024-01-16,romjoun_80,54,100.0,0.0,Épée et Bouclier,Tempête Argentée
majaspic v tg13 tg30,19.85,2024-01-14,poke_matos,6686,100.0,0.0,Épée et Bouclier,Tempête Argentée
majaspic v tg13 tg30,12.1,2024-01-04,quentinlenglos,2,100.0,13.0,Épée et Bouclier,Tempête Argentée
majaspic v tg13 tg30,14.0,2023-12-03,rapcoq-0,48,98.0,0.0,Épée et Bouclier,Tempête Argentée
majaspic v tg13 tg30,10.5,2023-11-26,doudou_84,231,100.0,8.0,Épée et Bouclier,Tempête Argentée
majaspic v tg13 tg30,20.0,2023-11-12,bilbolenus59,51,100.0,0.0,Épée et Bouclier,Tempête Argentée
brasegali vmax tg15 tg30,17.5,2024-02-01,micka_carte,112,96.6,0.0,Épée et Bouclier,Tempête Argentée
brasegali vmax tg15 tg30,29.5,2024-01-30,broco_tcg,8,100.0,20.0,Épée et Bouclier,Tempête Argentée
brasegali vmax tg15 tg30,19.85,2024-01-19,poke_matos,6686,100.0,0.0,Épée et Bouclier,Tempête Argentée
brasegali vmax tg15 tg30,6.51,2024-01-17,gallehe0,4,60.0,6.0,Épée et Bouclier,Tempête Argentée
brasegali vmax tg15 tg30,12.5,2024-01-14,tital-7918,39,97.6,9.0,Épée et Bouclier,Tempête Argentée
brasegali vmax tg15 tg30,15.5,2024-01-12,whoshot83,61,100.0,11.0,Épée et Bouclier,Tempête Argentée
brasegali vmax tg15 tg30,19.99,2024-01-10,retrogamezone,20798,99.9,0.0,Épée et Bouclier,Tempête Argentée
brasegali vmax tg15 tg30,24.99,2024-01-06,retrogamezone,20798,99.9,0.0,Épée et Bouclier,Tempête Argentée
brasegali vmax tg15 tg30,14.9,2023-12-28,prof7467,1383,100.0,0.0,Épée et Bouclier,Tempête Argentée
brasegali vmax tg15 tg30,13.5,2023-12-26,echo-ms_0,27,100.0,2.0,Épée et Bouclier,Tempête Argentée
brasegali vmax tg15 tg30,12.5,2023-12-19,timchai-24,1,100.0,8.0,Épée et Bouclier,Tempête Argentée
brasegali vmax tg15 tg30,15.0,2023-12-18,vendeurpokemon57,42,100.0,0.0,Épée et Bouclier,Tempête Argentée
brasegali vmax tg15 tg30,13.83,2023-12-11,didi-32360,146,100.0,7.0,Épée et Bouclier,Tempête Argentée
brasegali vmax tg15 tg30,10.99,2023-12-10,mallo414,101,100.0,6.0,Épée et Bouclier,Tempête Argentée
brasegali vmax tg15 tg30,24.5,2023-12-04,fr2014-deroi,25,100.0,7.0,Épée et Bouclier,Tempête Argentée
brasegali vmax tg15 tg30,11.5,2023-12-02,gyoukou04,121,100.0,2.0,Épée et Bouclier,Tempête Argentée
brasegali vmax tg15 tg30,22.0,2023-11-28,alatorr_47,47,96.8,0.0,Épée et Bouclier,Tempête Argentée
brasegali vmax tg15 tg30,14.0,2023-11-21,doudou_84,231,100.0,0.0,Épée et Bouclier,Tempête Argentée
brasegali vmax tg15 tg30,12.5,2023-11-13,noarfalco,108,100.0,4.0,Épée et Bouclier,Tempête Argentée
brasegali vmax tg15 tg30,80.0,2023-11-12,amisdespokemons,565,99.5,25.0,Épée et Bouclier,Tempête Argentée
brasegali vmax tg15 tg30,24.0,2023-11-11,jonathagratadou_0,62,95.2,9.0,Épée et Bouclier,Tempête Argentée
gardevoir tg05 tg30,9.0,2024-01-01,anthonin09,22,100.0,0.0,Épée et Bouclier,Astres Radieux
gardevoir tg05 tg30,6.45,2023-12-11,sixen17,268,100.0,0.0,Épée et Bouclier,Astres Radieux
pikachu 160 159,105.0,2024-02-07,tcg-saler,122,100.0,0.0,Épée et Bouclier,Zénith Suprême
pikachu 160 159,16.0,2024-02-07,golde5690,8,100.0,0.0,Épée et Bouclier,Zénith Suprême
pikachu 160 159,20.0,2024-02-05,julieplanquai0,13,100.0,0.0,Épée et Bouclier,Zénith Suprême
pikachu 160 159,14.0,2024-02-03,annta17,34,100.0,0.0,Épée et Bouclier,Zénith Suprême
pikachu 160 159,99.9,2024-01-30,poke-kaiba,765,100.0,0.0,Épée et Bouclier,Zénith Suprême
pikachu 160 159,14.0,2024-01-30,annta17,34,100.0,0.0,Épée et Bouclier,Zénith Suprême
pikachu 160 159,12.5,2024-01-29,l.a-pokeshop,412,100.0,7.0,Épée et Bouclier,Zénith Suprême
pikachu 160 159,15.0,2024-01-29,nicco_4631,304,100.0,2.0,Épée et Bouclier,Zénith Suprême
pikachu 160 159,15.5,2024-01-29,vinjauf_0,19,100.0,9.0,Épée et Bouclier,Zénith Suprême
pikachu 160 159,19.9,2024-01-27,pok-5095,109,100.0,0.0,Épée et Bouclier,Zénith Suprême
pikachu 160 159,45.0,2024-01-26,rattacarte,326,100.0,0.0,Épée et Bouclier,Zénith Suprême
pikachu 160 159,49.9,2024-01-26,2015fridie,550,100.0,0.0,Épée et Bouclier,Zénith Suprême
pikachu 160 159,80.0,2024-01-24,antho-25,35,97.3,28.0,Épée et Bouclier,Zénith Suprême
pikachu 160 159,13.0,2024-01-24,vinjauf_0,19,100.0,11.0,Épée et Bouclier,Zénith Suprême
pikachu 160 159,9.5,2024-01-22,olelecont92,195,99.2,9.0,Épée et Bouclier,Zénith Suprême
pikachu 160 159,75.0,2024-01-22,kascle-52,244,100.0,15.0,Épée et Bouclier,Zénith Suprême
pikachu 160 159,81.0,2024-01-20,kascle-52,244,100.0,31.0,Épée et Bouclier,Zénith Suprême
pikachu 160 159,14.0,2024-01-19,vinnarb_0,16,100.0,9.0,Épée et Bouclier,Zénith Suprême
pikachu 160 159,29.9,2024-01-17,pokevivi7,17436,100.0,0.0,Épée et Bouclier,Zénith Suprême
pikachu 160 159,59.0,2024-01-17,yvelmax_pokemon,725,100.0,0.0,Épée et Bouclier,Zénith Suprême
pikachu 160 159,15.0,2024-01-17,macol_554157,21,100.0,0.0,Épée et Bouclier,Zénith Suprême
pikachu 160 159,16.0,2024-01-16,pulmic,788,99.4,14.0,Épée et Bouclier,Zénith Suprême
pikachu 160 159,10.5,2024-01-15,olelecont92,195,99.2,10.0,Épée et Bouclier,Zénith Suprême
pikachu 160 159,20.5,2024-01-15,maxars06,71,100.0,9.0,Épée et Bouclier,Zénith Suprême
pikachu 160 159,25.99,2024-01-01,tcg.collectors,175,100.0,0.0,Épée et Bouclier,Zénith Suprême
pikachu 160 159,119.9,2024-01-14,hydratcg,176,99.4,0.0,Épée et Bouclier,Zénith Suprême
pikachu 160 159,91.0,2024-01-13,kascle-52,244,100.0,29.0,Épée et Bouclier,Zénith Suprême
pikachu 160 159,39.5,2024-01-13,kascle-52,244,100.0,30.0,Épée et Bouclier,Zénith Suprême
pikachu 160 159,51.0,2024-01-10,direct-tcg,506,100.0,10.0,Épée et Bouclier,Zénith Suprême
pikachu 160 159,8.5,2024-01-10,legrenierdejules,489,91.2,9.0,Épée et Bouclier,Zénith Suprême
pikachu 160 159,19.99,2024-01-09,francois2005gris,656,100.0,0.0,Épée et Bouclier,Zénith Suprême
pikachu 160 159,15.0,2024-01-09,filoupa19,153,100.0,16.0,Épée et Bouclier,Zénith Suprême
pikachu 160 159,8.5,2024-01-09,nicbo_475421,20,94.4,7.0,Épée et Bouclier,Zénith Suprême
pikachu 160 159,35.5,2024-01-06,kascle-52,244,100.0,18.0,Épée et Bouclier,Zénith Suprême
pikachu 160 159,94.0,2024-01-06,kascle-52,244,100.0,42.0,Épée et Bouclier,Zénith Suprême
pikachu 160 159,9.5,2024-01-06,anthopokemon,131,98.8,13.0,Épée et Bouclier,Zénith Suprême
pikachu 160 159,19.9,2024-01-05,prof7467,1383,100.0,0.0,Épée et Bouclier,Zénith Suprême
pikachu 160 159,12.5,2024-01-05,liotav-71,27,100.0,7.0,Épée et Bouclier,Zénith Suprême
pikachu 160 159,40.5,2024-01-05,ureke07,43,100.0,2.0,Épée et Bouclier,Zénith Suprême
pikachu 160 159,15.0,2024-01-04,aygou-13,851,99.6,0.0,Épée et Bouclier,Zénith Suprême
pikachu 160 159,5.1,2024-01-04,pokemon-576,7,88.9,0.0,Épée et Bouclier,Zénith Suprême
pikachu 160 159,20.0,2024-01-03,sadiik,31,83.3,0.0,Épée et Bouclier,Zénith Suprême
pikachu 160 159,15.0,2024-01-01,julieplanquai0,13,100.0,0.0,Épée et Bouclier,Zénith Suprême
pikachu 160 159,15.0,2024-01-01,pokefantasy,556,100.0,13.0,Épée et Bouclier,Zénith Suprême
pikachu 160 159,12.0,2024-01-01,golde5690,8,100.0,0.0,Épée et Bouclier,Zénith Suprême
pikachu 160 159,17.5,2024-01-01,breizh-collect-35,1438,100.0,8.0,Épée et Bouclier,Zénith Suprême
pikachu 160 159,20.0,2024-01-01,marie.1008,2,0.0,0.0,Épée et Bouclier,Zénith Suprême
pikachu 160 159,40.0,2023-12-31,noobyshop,9,100.0,0.0,Épée et Bouclier,Zénith Suprême
pikachu 160 159,15.0,2023-12-31,jrmade9,57,100.0,0.0,Épée et Bouclier,Zénith Suprême
pikachu 160 159,51.2,2023-12-31,connafr2013,35,100.0,6.0,Épée et Bouclier,Zénith Suprême
pikachu 160 159,18.7,2023-12-31,alexdeg-18,62,100.0,7.0,Épée et Bouclier,Zénith Suprême
pikachu 160 159,93.0,2023-12-30,kascle-52,244,100.0,43.0,Épée et Bouclier,Zénith Suprême
pikachu 160 159,19.0,2023-12-28,sylbaced,215,100.0,0.0,Épée et Bouclier,Zénith Suprême
pikachu 160 159,30.0,2023-12-27,shadow_time1,46,100.0,0.0,Épée et Bouclier,Zénith Suprême
pikachu 160 159,28.5,2023-12-26,jrhou-0,133,100.0,9.0,Épée et Bouclier,Zénith Suprême
pikachu 160 159,21.0,2023-12-26,thpot4066,6,100.0,0.0,Épée et Bouclier,Zénith Suprême
pikachu 160 159,40.5,2023-12-24,pokemon_357,14,100.0,2.0,Épée et Bouclier,Zénith Suprême
pikachu 160 159,16.5,2023-12-22,marinegiopoke,70,98.6,7.0,Épée et Bouclier,Zénith Suprême
pikachu 160 159,25.0,2023-12-22,frederigillo_0,102,100.0,0.0,Épée et Bouclier,Zénith Suprême
pikachu 160 159,60.0,2023-12-21,beardeche,275,100.0,0.0,Épée et Bouclier,Zénith Suprême
pikachu 160 159,40.0,2023-12-19,ureke07,43,100.0,0.0,Épée et Bouclier,Zénith Suprême
pikachu 160 159,20.0,2023-12-19,fabibagnar_0,412,100.0,0.0,Épée et Bouclier,Zénith Suprême
pikachu 160 159,102.0,2023-12-19,kascle-52,244,100.0,40.0,Épée et Bouclier,Zénith Suprême
pikachu 160 159,30.5,2023-12-19,kascle-52,244,100.0,11.0,Épée et Bouclier,Zénith Suprême
pikachu 160 159,14.5,2023-12-17,augu5676,50,98.1,13.0,Épée et Bouclier,Zénith Suprême
pikachu 160 159,15.0,2023-12-17,adrfazi-0,31,100.0,0.0,Épée et Bouclier,Zénith Suprême
pikachu 160 159,149.0,2023-12-17,kascle-52,244,100.0,0.0,Épée et Bouclier,Zénith Suprême
pikachu 160 159,20.0,2023-12-16,tocanteur457,1993,98.9,0.0,Épée et Bouclier,Zénith Suprême
pikachu 160 159,15.5,2023-12-16,labelseb,326,100.0,10.0,Épée et Bouclier,Zénith Suprême
pikachu 160 159,14.5,2023-12-16,alexdeg-18,62,100.0,5.0,Épée et Bouclier,Zénith Suprême
pikachu 160 159,17.99,2023-12-12,tcg.collectors,175,100.0,0.0,Épée et Bouclier,Zénith Suprême
pikachu 160 159,37.5,2023-12-14,kascle-52,244,100.0,27.0,Épée et Bouclier,Zénith Suprême
pikachu 160 159,59.9,2023-12-13,pokedidi,80,100.0,0.0,Épée et Bouclier,Zénith Suprême
pikachu 160 159,41.61,2023-12-12,bigboris313,2465,99.3,54.0,Épée et Bouclier,Zénith Suprême
pikachu 160 159,18.0,2023-12-11,teamgeekandco,13,100.0,0.0,Épée et Bouclier,Zénith Suprême
pikachu 160 159,30.0,2023-12-11,noctali02,837,99.0,0.0,Épée et Bouclier,Zénith Suprême
pikachu 160 159,33.5,2023-12-10,poke-kaiba,765,100.0,17.0,Épée et Bouclier,Zénith Suprême
pikachu 160 159,34.5,2023-12-10,amisdespokemons,565,99.5,17.0,Épée et Bouclier,Zénith Suprême
pikachu 160 159,78.0,2023-12-09,guilbi_3617,20,85.7,28.0,Épée et Bouclier,Zénith Suprême
pikachu 160 159,12.5,2023-12-09,douniselmou,86,100.0,5.0,Épée et Bouclier,Zénith Suprême
pikachu 160 159,20.0,2023-12-07,pik-carte-chu,416,99.6,0.0,Épée et Bouclier,Zénith Suprême
pikachu 160 159,18.0,2023-12-04,kevinm.40,50,100.0,0.0,Épée et Bouclier,Zénith Suprême
pikachu 160 159,106.0,2023-12-03,paumel_26,22,100.0,36.0,Épée et Bouclier,Zénith Suprême
pikachu 160 159,119.59,2023-12-03,poke-kaiba,765,100.0,24.0,Épée et Bouclier,Zénith Suprême
pikachu 160 159,17.0,2023-12-03,clempokaddict,41,100.0,2.0,Épée et Bouclier,Zénith Suprême
pikachu 160 159,51.0,2023-12-02,pokeclemh,142,100.0,27.0,Épée et Bouclier,Zénith Suprême
pikachu 160 159,13.5,2023-12-02,augu5676,50,98.1,10.0,Épée et Bouclier,Zénith Suprême
pikachu 160 159,14.01,2023-12-02,augu5676,50,98.1,14.0,Épée et Bouclier,Zénith Suprême
pikachu 160 159,16.0,2023-12-02,augu5676,50,98.1,12.0,Épée et Bouclier,Zénith Suprême
pikachu 160 159,37.99,2023-11-30,xavierpoke,91,100.0,0.0,Épée et Bouclier,Zénith Suprême
pikachu 160 159,16.51,2023-11-28,melmor_94,15,89.5,14.0,Épée et Bouclier,Zénith Suprême
pikachu 160 159,120.0,2023-11-26,mickaa22,259,100.0,10.0,Épée et Bouclier,Zénith Suprême
pikachu 160 159,41.5,2023-11-25,skaphox,937,100.0,31.0,Épée et Bouclier,Zénith Suprême
pikachu 160 159,19.5,2023-11-25,virg-1416,94,100.0,13.0,Épée et Bouclier,Zénith Suprême
pikachu 160 159,17.0,2023-11-24,nicsev-35,30,100.0,0.0,Épée et Bouclier,Zénith Suprême
pikachu 160 159,36.5,2023-11-24,mattkl-184,6,100.0,17.0,Épée et Bouclier,Zénith Suprême
pikachu 160 159,20.0,2023-11-24,artemis-tcg,37,100.0,0.0,Épée et Bouclier,Zénith Suprême
pikachu 160 159,16.0,2023-11-23,chdsm.fr.i7jrvwe,14,100.0,0.0,Épée et Bouclier,Zénith Suprême
pikachu 160 159,31.51,2023-11-23,mattkl-184,6,100.0,12.0,Épée et Bouclier,Zénith Suprême
pikachu 160 159,19.0,2023-11-23,pik-carte-chu,416,99.6,0.0,Épée et Bouclier,Zénith Suprême
pikachu 160 159,13.0,2023-11-21,lovepok,698,100.0,0.0,Épée et Bouclier,Zénith Suprême
pikachu 160 159,13.5,2023-11-20,yanfor-75,171,100.0,0.0,Épée et Bouclier,Zénith Suprême
pikachu 160 159,38.5,2023-11-19,plazatcg,830,100.0,10.0,Épée et Bouclier,Zénith Suprême
pikachu 160 159,10.0,2023-11-19,anthopokemon,131,98.8,9.0,Épée et Bouclier,Zénith Suprême
pikachu 160 159,15.99,2023-11-18,ludel_81,1,100.0,0.0,Épée et Bouclier,Zénith Suprême
pikachu 160 159,13.02,2023-11-17,g.hayma.hh6mheu,155,100.0,2.0,Épée et Bouclier,Zénith Suprême
pikachu 160 159,18.5,2023-11-14,skaphox,937,100.0,23.0,Épée et Bouclier,Zénith Suprême
pikachu 160 159,17.0,2023-11-14,2015fridie,550,100.0,0.0,Épée et Bouclier,Zénith Suprême
pikachu 160 159,16.5,2023-11-13,lacrap,15,100.0,0.0,Épée et Bouclier,Zénith Suprême
pikachu 160 159,20.0,2023-11-12,gabrfr_2p7brija,432,100.0,0.0,Épée et Bouclier,Zénith Suprême
pikachu 160 159,16.5,2023-11-12,marne-3937,45,100.0,6.0,Épée et Bouclier,Zénith Suprême
pikachu 160 159,50.0,2023-11-12,game.n-61,5,100.0,2.0,Épée et Bouclier,Zénith Suprême
pikachu 160 159,17.05,2023-11-11,matmarclaseb,373,100.0,3.0,Épée et Bouclier,Zénith Suprême
pikachu 160 159,17.5,2023-11-11,steven-hera88,78,100.0,15.0,Épée et Bouclier,Zénith Suprême
pikachu 160 159,16.0,2023-11-11,noctali02,837,99.0,0.0,Épée et Bouclier,Zénith Suprême
suicune v gg38 gg70,35.5,2024-02-04,pokemonenfolie,282,100.0,32.0,Épée et Bouclier,Zénith Suprême
suicune v gg38 gg70,48.5,2024-02-04,ant-320942,2,100.0,8.0,Épée et Bouclier,Zénith Suprême
suicune v gg38 gg70,30.0,2024-02-04,ant-320942,2,100.0,0.0,Épée et Bouclier,Zénith Suprême
suicune v gg38 gg70,66.0,2024-02-01,ravnica920,490,98.9,23.0,Épée et Bouclier,Zénith Suprême
suicune v gg38 gg70,59.9,2024-01-30,pokevivi7,17436,100.0,0.0,Épée et Bouclier,Zénith Suprême
suicune v gg38 gg70,39.9,2024-01-25,rondoudoudoudouu,41,100.0,0.0,Épée et Bouclier,Zénith Suprême
suicune v gg38 gg70,31.6,2024-01-24,lagerthaa,28,100.0,19.0,Épée et Bouclier,Zénith Suprême
suicune v gg38 gg70,33.5,2024-01-22,metaq_0,11,100.0,31.0,Épée et Bouclier,Zénith Suprême
suicune v gg38 gg70,68.0,2024-01-21,collectorcards-fr,4,100.0,23.0,Épée et Bouclier,Zénith Suprême
suicune v gg38 gg70,179.9,2024-01-21,hydratcg,176,99.4,0.0,Épée et Bouclier,Zénith Suprême
suicune v gg38 gg70,45.0,2024-01-17,brocante-et-vous,4375,99.6,0.0,Épée et Bouclier,Zénith Suprême
suicune v gg38 gg70,60.0,2024-01-17,niniopoke,96,99.0,15.0,Épée et Bouclier,Zénith Suprême
suicune v gg38 gg70,45.0,2024-01-17,ka_96512,200,100.0,26.0,Épée et Bouclier,Zénith Suprême
suicune v gg38 gg70,36.12,2024-01-17,golde5690,8,100.0,2.0,Épée et Bouclier,Zénith Suprême
suicune v gg38 gg70,39.99,2024-01-16,valelap-97,86,100.0,0.0,Épée et Bouclier,Zénith Suprême
suicune v gg38 gg70,161.0,2024-01-14,toinoo,50,100.0,58.0,Épée et Bouclier,Zénith Suprême
suicune v gg38 gg70,32.51,2024-01-14,julber4683,171,100.0,21.0,Épée et Bouclier,Zénith Suprême
suicune v gg38 gg70,40.0,2024-01-13,yohmac97,63,100.0,0.0,Épée et Bouclier,Zénith Suprême
suicune v gg38 gg70,31.5,2024-01-09,pika_drac35,69,100.0,29.0,Épée et Bouclier,Zénith Suprême
suicune v gg38 gg70,35.0,2024-01-06,funkirito95,95,100.0,0.0,Épée et Bouclier,Zénith Suprême
suicune v gg38 gg70,75.0,2024-01-05,poke_smart_shop,20,100.0,0.0,Épée et Bouclier,Zénith Suprême
suicune v gg38 gg70,100.0,2024-01-04,adrfazi-0,31,100.0,0.0,Épée et Bouclier,Zénith Suprême
suicune v gg38 gg70,66.0,2024-01-03,koko785,161,100.0,6.0,Épée et Bouclier,Zénith Suprême
suicune v gg38 gg70,180.0,2024-01-02,skaphox,937,100.0,0.0,Épée et Bouclier,Zénith Suprême
suicune v gg38 gg70,36.5,2024-01-01,golde5690,8,100.0,11.0,Épée et Bouclier,Zénith Suprême
suicune v gg38 gg70,35.0,2024-01-01,rapcent_1,111,100.0,0.0,Épée et Bouclier,Zénith Suprême
suicune v gg38 gg70,35.0,2023-12-31,jrmade9,57,100.0,0.0,Épée et Bouclier,Zénith Suprême
suicune v gg38 gg70,60.0,2023-12-30,pikapika33,617,100.0,0.0,Épée et Bouclier,Zénith Suprême
suicune v gg38 gg70,34.5,2023-12-29,ratapaye,21,100.0,15.0,Épée et Bouclier,Zénith Suprême
suicune v gg38 gg70,122.0,2023-12-26,jrhou-0,133,100.0,47.0,Épée et Bouclier,Zénith Suprême
suicune v gg38 gg70,40.0,2023-12-24,silban75,196,100.0,0.0,Épée et Bouclier,Zénith Suprême
suicune v gg38 gg70,33.5,2023-12-22,dracaufeu13,35,100.0,23.0,Épée et Bouclier,Zénith Suprême
suicune v gg38 gg70,45.0,2023-12-22,pikamaniak19,38,100.0,0.0,Épée et Bouclier,Zénith Suprême
suicune v gg38 gg70,40.0,2023-12-22,silban75,196,100.0,0.0,Épée et Bouclier,Zénith Suprême
suicune v gg38 gg70,35.5,2023-12-22,marinegiopoke,70,98.6,14.0,Épée et Bouclier,Zénith Suprême
suicune v gg38 gg70,38.0,2023-12-22,bibis-94,142,100.0,9.0,Épée et Bouclier,Zénith Suprême
suicune v gg38 gg70,30.0,2023-12-22,edouar_85,104,98.1,0.0,Épée et Bouclier,Zénith Suprême
suicune v gg38 gg70,35.5,2023-12-20,skaphox,937,100.0,21.0,Épée et Bouclier,Zénith Suprême
suicune v gg38 gg70,31.5,2023-12-20,pika_drac35,69,100.0,15.0,Épée et Bouclier,Zénith Suprême
suicune v gg38 gg70,45.5,2023-12-19,dracaufeu13,35,100.0,36.0,Épée et Bouclier,Zénith Suprême
suicune v gg38 gg70,180.0,2023-12-18,skaphox,937,100.0,0.0,Épée et Bouclier,Zénith Suprême
suicune v gg38 gg70,33.65,2023-12-16,antmal-1527,136,100.0,3.0,Épée et Bouclier,Zénith Suprême
suicune v gg38 gg70,40.0,2023-12-15,kemarc-4097,72,98.6,0.0,Épée et Bouclier,Zénith Suprême
suicune v gg38 gg70,37.5,2023-12-13,shoppokedisney54,86,98.9,28.0,Épée et Bouclier,Zénith Suprême
suicune v gg38 gg70,28.5,2023-12-02,g.hayma.hh6mheu,155,100.0,2.0,Épée et Bouclier,Zénith Suprême
suicune v gg38 gg70,35.0,2023-11-29,zydraw,53,100.0,0.0,Épée et Bouclier,Zénith Suprême
suicune v gg38 gg70,35.51,2023-11-28,melmor_94,15,89.5,6.0,Épée et Bouclier,Zénith Suprême
suicune v gg38 gg70,30.52,2023-11-27,retro-snes62,148,100.0,21.0,Épée et Bouclier,Zénith Suprême
suicune v gg38 gg70,30.0,2023-11-27,ob5936,31,100.0,0.0,Épée et Bouclier,Zénith Suprême
suicune v gg38 gg70,49.5,2023-11-22,kintinhopkmn,16,94.4,21.0,Épée et Bouclier,Zénith Suprême
suicune v gg38 gg70,28.5,2023-11-22,nicesn-40,33,92.3,3.0,Épée et Bouclier,Zénith Suprême
suicune v gg38 gg70,44.99,2023-11-19,adrfazi-0,31,100.0,0.0,Épée et Bouclier,Zénith Suprême
suicune v gg38 gg70,180.0,2023-11-15,sokhch44,39,96.8,0.0,Épée et Bouclier,Zénith Suprême
suicune v gg38 gg70,38.0,2023-11-13,redshirt6969,96,100.0,0.0,Épée et Bouclier,Zénith Suprême
suicune v gg38 gg70,36.5,2023-11-13,poke-slayer51,188,97.0,33.0,Épée et Bouclier,Zénith Suprême
suicune v gg38 gg70,75.0,2023-11-12,pikapika33,617,100.0,0.0,Épée et Bouclier,Zénith Suprême
zeraora vmax gg42 gg70,14.5,2024-02-07,byildizzx,0,0.0,11.0,Épée et Bouclier,Zénith Suprême
zeraora vmax gg42 gg70,31.99,2024-02-01,tcg.collectors,175,100.0,0.0,Épée et Bouclier,Zénith Suprême
zeraora vmax gg42 gg70,22.0,2024-01-29,vinjauf_0,19,100.0,16.0,Épée et Bouclier,Zénith Suprême
zeraora vmax gg42 gg70,38.5,2024-01-24,niniopoke,96,99.0,27.0,Épée et Bouclier,Zénith Suprême
zeraora vmax gg42 gg70,27.99,2024-01-22,dede-zr,31,97.0,0.0,Épée et Bouclier,Zénith Suprême
zeraora vmax gg42 gg70,20.0,2024-01-20,gpoke30,7,100.0,0.0,Épée et Bouclier,Zénith Suprême
zeraora vmax gg42 gg70,99.9,2024-01-18,poke-kaiba,765,100.0,0.0,Épée et Bouclier,Zénith Suprême
zeraora vmax gg42 gg70,30.0,2024-01-17,mllion-0,113,97.6,0.0,Épée et Bouclier,Zénith Suprême
zeraora vmax gg42 gg70,61.0,2024-01-14,alex91_7,14,100.0,16.0,Épée et Bouclier,Zénith Suprême
zeraora vmax gg42 gg70,39.0,2024-01-11,oxmolivz1,269,100.0,0.0,Épée et Bouclier,Zénith Suprême
zeraora vmax gg42 gg70,20.5,2024-01-08,thoey-0,12,100.0,9.0,Épée et Bouclier,Zénith Suprême
zeraora vmax gg42 gg70,29.45,2024-01-07,bpmtcg,280,100.0,0.0,Épée et Bouclier,Zénith Suprême
zeraora vmax gg42 gg70,20.5,2023-12-25,thoey-0,12,100.0,10.0,Épée et Bouclier,Zénith Suprême
zeraora vmax gg42 gg70,25.0,2023-12-24,sbasjau-62,25,96.3,0.0,Épée et Bouclier,Zénith Suprême
zeraora vmax gg42 gg70,20.0,2023-12-18,jonahard-6309,7,100.0,0.0,Épée et Bouclier,Zénith Suprême
zeraora vmax gg42 gg70,20.5,2023-12-17,thoey-0,12,100.0,15.0,Épée et Bouclier,Zénith Suprême
zeraora vmax gg42 gg70,20.0,2023-12-17,hltub-0,192,99.5,0.0,Épée et Bouclier,Zénith Suprême
zeraora vmax gg42 gg70,29.5,2023-12-10,thoey-0,12,100.0,19.0,Épée et Bouclier,Zénith Suprême
zeraora vmax gg42 gg70,26.0,2023-12-10,canri_7440,1,100.0,16.0,Épée et Bouclier,Zénith Suprême
zeraora vmax gg42 gg70,23.0,2023-11-26,nabidoua_0,469,100.0,0.0,Épée et Bouclier,Zénith Suprême
zeraora vmax gg42 gg70,21.9,2023-11-18,redshirt6969,96,100.0,0.0,Épée et Bouclier,Zénith Suprême
zeraora vmax gg42 gg70,20.0,2023-11-11,matmarclaseb,373,100.0,0.0,Épée et Bouclier,Zénith Suprême
zeraora vmax gg42 gg70,11.49,2024-01-31,phillice,51,100.0,0.0,Épée et Bouclier,Zénith Suprême
mewtwo vstar gg44 gg70,149.99,2024-01-28,retrogamezone,20798,99.9,0.0,Épée et Bouclier,Zénith Suprême
mewtwo vstar gg44 gg70,109.02,2024-01-25,yanchaba-9,30,100.0,36.0,Épée et Bouclier,Zénith Suprême
mewtwo vstar gg44 gg70,136.0,2024-01-24,thoan.poke,18,100.0,39.0,Épée et Bouclier,Zénith Suprême
mewtwo vstar gg44 gg70,130.0,2024-01-24,poke-roov71,770,100.0,0.0,Épée et Bouclier,Zénith Suprême
mewtwo vstar gg44 gg70,110.0,2024-01-24,vikvik._87,0,0.0,0.0,Épée et Bouclier,Zénith Suprême
mewtwo vstar gg44 gg70,113.0,2024-01-20,jrmade9,57,100.0,0.0,Épée et Bouclier,Zénith Suprême
mewtwo vstar gg44 gg70,113.0,2024-01-17,jrmade9,57,100.0,0.0,Épée et Bouclier,Zénith Suprême
mewtwo vstar gg44 gg70,149.9,2024-01-15,hydratcg,176,99.4,0.0,Épée et Bouclier,Zénith Suprême
mewtwo vstar gg44 gg70,281.0,2024-01-15,neorel,63,100.0,42.0,Épée et Bouclier,Zénith Suprême
mewtwo vstar gg44 gg70,111.0,2024-01-15,direct-tcg,506,100.0,25.0,Épée et Bouclier,Zénith Suprême
mewtwo vstar gg44 gg70,112.0,2024-01-14,nicco_4631,304,100.0,4.0,Épée et Bouclier,Zénith Suprême
mewtwo vstar gg44 gg70,102.0,2024-01-14,kascle-52,244,100.0,36.0,Épée et Bouclier,Zénith Suprême
mewtwo vstar gg44 gg70,139.0,2024-01-12,ky67mobicarte,2280,100.0,0.0,Épée et Bouclier,Zénith Suprême
mewtwo vstar gg44 gg70,154.9,2024-01-09,retro_jeu,66,100.0,0.0,Épée et Bouclier,Zénith Suprême
mewtwo vstar gg44 gg70,119.9,2024-01-07,sinnoh_card,159,91.7,0.0,Épée et Bouclier,Zénith Suprême
mewtwo vstar gg44 gg70,150.0,2024-01-07,geeketmysteres,37,100.0,0.0,Épée et Bouclier,Zénith Suprême
mewtwo vstar gg44 gg70,91.0,2024-01-05,kascle-52,244,100.0,24.0,Épée et Bouclier,Zénith Suprême
mewtwo vstar gg44 gg70,129.9,2024-01-05,gcapronguillaume,2787,99.1,0.0,Épée et Bouclier,Zénith Suprême
mewtwo vstar gg44 gg70,111.0,2024-01-05,naoub-80,92,95.8,2.0,Épée et Bouclier,Zénith Suprême
mewtwo vstar gg44 gg70,110.0,2024-01-05,jrmade9,57,100.0,0.0,Épée et Bouclier,Zénith Suprême
mewtwo vstar gg44 gg70,139.0,2024-01-04,ky67mobicarte,2280,100.0,0.0,Épée et Bouclier,Zénith Suprême
mewtwo vstar gg44 gg70,169.9,2023-12-27,hydratcg,176,99.4,0.0,Épée et Bouclier,Zénith Suprême
mewtwo vstar gg44 gg70,135.0,2024-01-01,thiixo,12,100.0,0.0,Épée et Bouclier,Zénith Suprême
mewtwo vstar gg44 gg70,105.0,2024-01-01,tarhask,1,100.0,0.0,Épée et Bouclier,Zénith Suprême
mewtwo vstar gg44 gg70,120.0,2023-12-31,pik-carte-chu,416,99.6,0.0,Épée et Bouclier,Zénith Suprême
mewtwo vstar gg44 gg70,151.0,2023-12-30,bertantanth,231,95.9,2.0,Épée et Bouclier,Zénith Suprême
mewtwo vstar gg44 gg70,89.0,2023-12-29,gui2403,23,100.0,15.0,Épée et Bouclier,Zénith Suprême
mewtwo vstar gg44 gg70,168.0,2023-12-23,bertantanth,231,95.9,8.0,Épée et Bouclier,Zénith Suprême
mewtwo vstar gg44 gg70,299.9,2023-12-18,poke-kaiba,765,100.0,0.0,Épée et Bouclier,Zénith Suprême
mewtwo vstar gg44 gg70,102.0,2023-12-16,fullart,10,100.0,8.0,Épée et Bouclier,Zénith Suprême
mewtwo vstar gg44 gg70,75.0,2023-12-13,roblech22,3,100.0,0.0,Épée et Bouclier,Zénith Suprême
mewtwo vstar gg44 gg70,120.0,2023-12-10,girjul_64,54,100.0,0.0,Épée et Bouclier,Zénith Suprême
mewtwo vstar gg44 gg70,253.0,2023-12-08,psapokemonpca,183,100.0,4.0,Épée et Bouclier,Zénith Suprême
mewtwo vstar gg44 gg70,305.0,2023-12-03,poke-kaiba,765,100.0,36.0,Épée et Bouclier,Zénith Suprême
mewtwo vstar gg44 gg70,100.0,2023-12-02,nicesn-40,33,92.3,24.0,Épée et Bouclier,Zénith Suprême
mewtwo vstar gg44 gg70,100.0,2023-12-02,jescli-51,2,66.7,13.0,Épée et Bouclier,Zénith Suprême
mewtwo vstar gg44 gg70,88.0,2023-11-22,volugar,5,85.7,21.0,Épée et Bouclier,Zénith Suprême
mewtwo vstar gg44 gg70,99.99,2023-11-20,poke-lance,57,98.3,0.0,Épée et Bouclier,Zénith Suprême
mewtwo vstar gg44 gg70,114.0,2023-11-18,yama6058,3,0.0,19.0,Épée et Bouclier,Zénith Suprême
mewtwo vstar gg44 gg70,170.0,2023-11-17,gravitytag,24,96.2,0.0,Épée et Bouclier,Zénith Suprême
mewtwo vstar gg44 gg70,138.0,2023-11-14,alexchap4862,135,100.0,4.0,Épée et Bouclier,Zénith Suprême
darkrai vstar gg50 gg70,32.6,2023-11-14,skaphox,937,100.0,27.0,Épée et Bouclier,Zénith Suprême
darkrai vstar gg50 gg70,25.5,2024-01-14,nicco_4631,304,100.0,3.0,Épée et Bouclier,Zénith Suprême
darkrai vstar gg50 gg70,36.0,2024-02-06,brocante-et-vous,4375,99.6,0.0,Épée et Bouclier,Zénith Suprême
darkrai vstar gg50 gg70,84.99,2024-01-28,capz_tcg,99,100.0,0.0,Épée et Bouclier,Zénith Suprême
darkrai vstar gg50 gg70,34.9,2024-01-21,rondoudoudoudouu,41,100.0,0.0,Épée et Bouclier,Zénith Suprême
darkrai vstar gg50 gg70,20.0,2024-01-21,alexdeg-18,62,100.0,0.0,Épée et Bouclier,Zénith Suprême
darkrai vstar gg50 gg70,28.5,2024-01-17,glokfr1987,36,100.0,5.0,Épée et Bouclier,Zénith Suprême
darkrai vstar gg50 gg70,70.0,2024-01-15,medekian,37,100.0,0.0,Épée et Bouclier,Zénith Suprême
darkrai vstar gg50 gg70,27.5,2024-01-14,maxsch-18,32,100.0,0.0,Épée et Bouclier,Zénith Suprême
darkrai vstar gg50 gg70,30.0,2024-01-11,catounet611,257,100.0,0.0,Épée et Bouclier,Zénith Suprême
darkrai vstar gg50 gg70,39.99,2024-01-10,retrogamezone,20798,99.9,0.0,Épée et Bouclier,Zénith Suprême
darkrai vstar gg50 gg70,30.0,2024-01-07,nonogaby,252,100.0,0.0,Épée et Bouclier,Zénith Suprême
darkrai vstar gg50 gg70,65.99,2024-01-04,bejcq_0,11,100.0,0.0,Épée et Bouclier,Zénith Suprême
darkrai vstar gg50 gg70,34.9,2023-12-29,explora-tcg,53,100.0,0.0,Épée et Bouclier,Zénith Suprême
darkrai vstar gg50 gg70,25.5,2023-12-22,marinegiopoke,70,98.6,13.0,Épée et Bouclier,Zénith Suprême
darkrai vstar gg50 gg70,26.5,2023-12-17,brme468920,88,100.0,19.0,Épée et Bouclier,Zénith Suprême
darkrai vstar gg50 gg70,35.0,2023-12-08,pika_drac35,69,100.0,18.0,Épée et Bouclier,Zénith Suprême
darkrai vstar gg50 gg70,14.5,2023-11-22,nicesn-40,33,92.3,2.0,Épée et Bouclier,Zénith Suprême
darkrai vstar gg50 gg70,31.5,2023-11-19,kratos06140,166,100.0,18.0,Épée et Bouclier,Zénith Suprême
darkrai vstar gg50 gg70,28.0,2023-11-17,yolech9,46,100.0,0.0,Épée et Bouclier,Zénith Suprême
darkrai vstar gg50 gg70,35.0,2023-11-16,fracar8084,328,100.0,0.0,Épée et Bouclier,Zénith Suprême
darkrai vstar gg50 gg70,40.0,2023-11-12,canka79,341,100.0,0.0,Épée et Bouclier,Zénith Suprême
darkrai vstar gg50 gg70,20.0,2024-01-09,chillitricky,1089,100.0,0.0,Épée et Bouclier,Zénith Suprême
giratina v 186 196,300.0,2024-02-05,mandragoshop,32,100.0,0.0,Épée et Bouclier,Origine Perdue
giratina v 186 196,400.0,2024-02-05,mandragoshop,32,100.0,0.0,Épée et Bouclier,Origine Perdue
giratina v 186 196,334.0,2024-02-04,poke-kaiba,765,100.0,27.0,Épée et Bouclier,Origine Perdue
giratina v 186 196,285.0,2024-02-03,kar1827-jiytor,401,100.0,0.0,Épée et Bouclier,Origine Perdue
giratina v 186 196,333.0,2024-01-29,kar1827-jiytor,401,100.0,17.0,Épée et Bouclier,Origine Perdue
giratina v 186 196,286.0,2024-01-27,kaeloxxs,199,100.0,7.0,Épée et Bouclier,Origine Perdue
giratina v 186 196,305.0,2024-01-17,o.cast_6,343,98.3,0.0,Épée et Bouclier,Origine Perdue
giratina v 186 196,50.0,2024-01-15,lumor-2806,0,0.0,0.0,Épée et Bouclier,Origine Perdue
giratina v 186 196,399.0,2024-01-14,kryptocards,21,100.0,34.0,Épée et Bouclier,Origine Perdue
giratina v 186 196,389.99,2024-01-13,diorific-1,30,100.0,0.0,Épée et Bouclier,Origine Perdue
giratina v 186 196,320.0,2024-01-11,gabrfr_2p7brija,432,100.0,0.0,Épée et Bouclier,Origine Perdue
giratina v 186 196,299.95,2024-01-11,rapmag_70,61,100.0,0.0,Épée et Bouclier,Origine Perdue
giratina v 186 196,320.0,2024-01-10,gabrfr_2p7brija,432,100.0,0.0,Épée et Bouclier,Origine Perdue
giratina v 186 196,320.0,2024-01-03,gabrfr_2p7brija,432,100.0,0.0,Épée et Bouclier,Origine Perdue
giratina v 186 196,351.0,2024-01-03,antyal_22,2,100.0,0.0,Épée et Bouclier,Origine Perdue
giratina v 186 196,320.0,2024-01-01,gabrfr_2p7brija,432,100.0,0.0,Épée et Bouclier,Origine Perdue
giratina v 186 196,90.0,2023-12-27,adrdela6185,3,100.0,0.0,Épée et Bouclier,Origine Perdue
giratina v 186 196,430.0,2023-12-25,kar1827-jiytor,401,100.0,0.0,Épée et Bouclier,Origine Perdue
giratina v 186 196,321.0,2023-12-25,romhoa-27,37,100.0,12.0,Épée et Bouclier,Origine Perdue
giratina v 186 196,284.0,2023-12-16,ims-133,363,100.0,31.0,Épée et Bouclier,Origine Perdue
giratina v 186 196,850.0,2023-12-11,kar1827-jiytor,401,100.0,0.0,Épée et Bouclier,Origine Perdue
giratina v 186 196,665.0,2023-12-10,poke-kaiba,765,100.0,42.0,Épée et Bouclier,Origine Perdue
giratina v 186 196,350.0,2023-12-10,laurent9607,691,100.0,0.0,Épée et Bouclier,Origine Perdue
giratina v 186 196,226.0,2023-12-05,fcsxr_93,0,0.0,11.0,Épée et Bouclier,Origine Perdue
giratina v 186 196,330.0,2023-12-02,estpe_7397,1,100.0,0.0,Épée et Bouclier,Origine Perdue
giratina v 186 196,279.9,2023-11-22,thodio5252,145,100.0,0.0,Épée et Bouclier,Origine Perdue
giratina v 186 196,160.0,2023-11-19,mr.dja9,6,100.0,7.0,Épée et Bouclier,Origine Perdue
giratina v 186 196,200.0,2023-11-14,squirtlegang,8,75.0,0.0,Épée et Bouclier,Origine Perdue
giratina v 186 196,220.0,2023-11-14,squirtlegang,8,75.0,0.0,Épée et Bouclier,Origine Perdue
giratina v 186 196,360.0,2023-11-10,pokeflo96,291,100.0,0.0,Épée et Bouclier,Origine Perdue
giratina v 186 196,316.0,2023-12-24,plazatcg,830,100.0,22.0,Épée et Bouclier,Origine Perdue
giratina v 186 196,399.9,2024-01-16,foockk,776,100.0,0.0,Épée et Bouclier,Origine Perdue
lugulabre tg04 tg30,2.0,2024-02-04,frdscara_0,213,100.0,0.0,Épée et Bouclier,Origine Perdue
lugulabre tg04 tg30,1.5,2024-02-03,tonkatsutcg,84,100.0,2.0,Épée et Bouclier,Origine Perdue
lugulabre tg04 tg30,2.0,2024-02-03,jemalusylucas456,188,100.0,0.0,Épée et Bouclier,Origine Perdue
lugulabre tg04 tg30,2.01,2024-02-01,coresod0,45,100.0,3.0,Épée et Bouclier,Origine Perdue
lugulabre tg04 tg30,2.99,2023-09-28,bois.marine,6390,100.0,0.0,Épée et Bouclier,Origine Perdue
lugulabre tg04 tg30,2.99,2023-11-09,bois.marine,6390,100.0,0.0,Épée et Bouclier,Origine Perdue
lugulabre tg04 tg30,2.99,2023-10-24,bois.marine,6390,100.0,0.0,Épée et Bouclier,Origine Perdue
lugulabre tg04 tg30,3.4,2024-01-28,un1c0rn_r1d3r21,311,99.5,0.0,Épée et Bouclier,Origine Perdue
lugulabre tg04 tg30,3.0,2023-12-31,lilgagl_0,21,100.0,0.0,Épée et Bouclier,Origine Perdue
lugulabre tg04 tg30,2.0,2023-12-31,dim45300,141,100.0,0.0,Épée et Bouclier,Origine Perdue
lugulabre tg04 tg30,4.0,2023-12-26,pokesell94,88,100.0,3.0,Épée et Bouclier,Origine Perdue
lugulabre tg04 tg30,1.5,2023-12-16,olivierjohnlocke,356,100.0,2.0,Épée et Bouclier,Origine Perdue
lugulabre tg04 tg30,2.01,2023-12-02,nadvin_45,85,100.0,3.0,Épée et Bouclier,Origine Perdue
lugulabre tg04 tg30,2.51,2023-11-20,prinpl0,71,100.0,5.0,Épée et Bouclier,Origine Perdue
lugulabre tg04 tg30,6.5,2023-11-15,skaphox,937,100.0,8.0,Épée et Bouclier,Origine Perdue
lugulabre tg04 tg30,1.5,2023-11-13,jenntar-5879,155,99.4,2.0,Épée et Bouclier,Origine Perdue
lugulabre tg04 tg30,1.0,2023-11-13,twister30310,303,97.7,2.0,Épée et Bouclier,Origine Perdue
